7-eleven|7 eleven|7-11|seven-eleven|seven eleven|seveneleven|seven-11|seven 11|7-elevens|7 elevens|7-11s|seven-elevens|seven elevens|sevenelevens|seven-11s|seven 11s
a&w|a & w|a and w|a&ws|a & ws|a and ws|a&w restaurants|a & w restaurants|a and w restaurants
ace hardware|ace hardwares
adidas
advance auto parts
agip
albert heijn
albertsons|albertson's
aldi
aldi nord
aldi süd|aldi sued
alfamart
allianz
alpha bank
anz
applebee's|applebees
apple store|apple stores
aral
arby's|arbys
arco
argos
asda
at&t|at & t|a t & t|a.t&t|a.t & t|at and t|a.t and t|att|at&t store|at & t store|a t & t store|a.t&t store|a.t & t store|at and t store|a.t and t store|att store|at&t stores|at & t stores|a t & t stores|a.t&t stores|a.t & t stores|at and t stores|a.t and t stores|att stores
au bon pain|au bon pains
auchan
auntie anne's|auntie annes|auntie anne's pretzels|auntie annes pretzels
autozone|autozones
avia
avis
axa
baja fresh
banamex
banco do brasil
banco itaú|banco itau
banco popular
bank of america|bofa|b of a|bank of americas|bofas|b of as
bank spółdzielczy|bank spoldzielczy
bankia
banque populaire
barclays
barnes & noble|barnes and noble|barnes n noble|barnes & nobles|barnes and nobles|barnes n nobles
b&q|b & q|b and q|b-and-q
baskin-robbins|baskin robbins|baskinrobbins
bauhof
bb&t|bb & t|bb and t|b.b&t|b.b & t|b.b and t|b b&t|b b & t|b b and t
bbva
bdo
beef o'brady's|beef obradys|beef o'bradys|beef o bradys|beef o'bradys
bell
ben & jerry's|ben & jerrys|ben and jerry's|ben and jerrys|ben & jerry|ben and jerry
benihana|benihanas|benihana's
best buy|best buys|bestbuy|bestbuys
best western|best westerns
biedronka
big smoke burger
billa
blimpie|blimpie's|blimpies
blokker
bmw
bnp paribas
bnp paribas fortis
the body shop
bonchon chicken
boots
boston market|boston markets
boston pizza
bp|b p|b.p
bpi|b.p.i|b p i
brd
bradesco
bricomarché|bricomarche
buca di beppo|buca di beppo's|buca di beppos
bubba gump shrimp company|bubba gump|bubba gump's|bubba gumps|bubba gump shrimp co.|bubba gump's shrimp co.|bubba gumps shrimp co.|bubba gump shrimp co|bubba gump's shrimp co|bubba gumps shrimp co|bubba gump shrimp company|bubba gump's shrimp company|bubba gumps shrimp company
buffalo grill
buffalo wild wings
burger king|burger kings
c&a|c & a|c and a
caisse d'épargne|caisse d'epargne|caisse dépargne|caisse depargne
caixa econômica federal|caixa economica federal
california pizza kitchen|california pizza kitchens
caltex
campsa
canadian tire
carl's jr.|carl's jr|carl's junior|carls jr.|carls jr|carls junior|carl's jr.s|carl's jrs|carl's juniors|carls jr.s|carls jrs|carls juniors
carphone warehouse
carrefour city
carrefour
carrefour express
carrefour market
casey's general store|caseys general store
cbc banque
cepsa
charley's grilled subs|charleys grilled subs
chase
chase bank|chase banks
checkers
cheeburger cheeburger
cheesecake factory
chevys fresh mex
chick-fil-a|chick fil a|chickfila|chick fillet|chick-fil-as|chick fil as|chickfilas|chick fillets
hyundai
chili's|chilis
chipotle|chipotle mexican grill|chipotles
cinnabon|cinnabons
chevron|chevrons
chowking
chuck e. cheese's|chuck e cheese's|chuck e. cheeses|chuck e cheeses|chuck e. cheese|chuck e cheese
church's chicken|churchs chicken
cibc|canadian imperial bank of commerce
cici's pizza|ci ci's pizza|cici's|cicis pizza|cicis
circle k|circle-k
citgo
citibank|citi bank|citibanks|citi banks
citroën|citroen
cng
cold stone|coldstone|cold stone creamery|coldstone creamery|cold stones|coldstones
coles
coles express
coop jednota
comfort inn
commerzbank
commonwealth bank
conad
conoco
copec
correios
costa coffee
costco|costcos
costcutter
cracker barrel|cracker barrel old country store|cracker barrels
crédit agricole|credit agricole
crédit mutuel|credit mutuel
crédit mutuel de bretagne|credit mutuel de bretagne
crepes & waffles|crepes and waffles
culver's|culvers
cvs|cvs caremark|cvs pharmacy
dairy queen|dairy queens
dänisches bettenlager|danisches bettenlager|daenisches bettenlager
dave & buster's|dave and buster's|dave & busters|dave and busters
days inn|days inns
decathlon
deichmann
délifrance|delifrance
delikatesy centrum
del taco|del tacos
denner
denny's|dennys
deutsche bank|deutschebank|deutsche banks|deutschebanks
dhl
dia
din tai fung
dollar general|dollar generals
dollar tree|dollar trees
dollarama|dollaramas
domino's|dominos|domino's pizza|dominos pizza
dunkin' donuts|dunkin donuts
e.leclerc|e-leclerc|e. leclerc|e leclerc|eleclerc
edeka
einstein bros. bagels|einstein bros|einstein bros bagels
el pollo loco
engen
enterprise
ernsting's family|ernstings family
eroski
esprit
esso
etos
euronics
europcar
eurospar
eurospin
exxon
fakta
family dollar|family dollars
familymart|family mart
fatburger|fatburgers
fielmann
firestone
five guys|five guys famous burgers and fries
food lion
ford
franprix
freebirds|freebird's|freebirds world burrito|freebird's world burrito
fressnapf
friendly's|friendlys
fuddruckers
gall & gall
galp
gamestop|gamestops
giant
giant food
gloria jean's|gloria jean's coffees|gloria jeans|gloria jeans coffees
gnc|gncs
golden corral
goodwill|goodwills
great clips
greggs|gregg's
gulf
h&m|h & m|h and m|h&ms|h & ms|h and ms
h&r block|h & r block|h and r block|h&r blocks|h & r blocks|h and r blocks
halfords
halifax
hallmark
hamburguesas el corral
hampton inn
hard rock cafe|hard rock cafes
hardee's|hardees
h-e-b|heb|h e b|h.e.b.|h-e-bs|hebs|h e bs|h.e.b.s
h-e-b gas|heb gas|h e b gas|h.e.b. gas
hertz
hess
hilton garden inn
holiday inn|holiday inns
holiday inn express
the home depot|home depot|home depots
honda
homebase
hooters
hungry jack's|hungry jacks
hsbc|h.s.b.c|h s b c|hsbcs|h.s.b.cs|h s b cs
hypovereinsbank|hvb|h v b|h.v.b
hyundai
iga
ihop|international house of pancakes|ihops
ikea|ikdeas
in-n-out burger|in-n-out|in 'n out|in n' out|in and out|in-and-out|in & out|in 'n out burger|in n' out burger|in and out burger|in-and-out burger|in & out burger|in-n-out burgers|in-n-outs|in 'n outs|in n' outs|in and outs|in-and-outs|in & outs|in 'n out burgers|in n' out burgers|in and out burgers|in-and-out burgers|in & out burgers
indian oil
indomaret
ing
intermarché|intermarche
intermarché super|intermarche super
intersport
itaú|itau
jack in the box|jack-in-the-box|jackinthebox|jack in the boxes|jack-in-the-boxes|jackintheboxes
jack astor's bar & grill|jack astors bar & grill|jack astor's bar and grill|jack astors bar and grill
jamba juice|jamba juices
jcpenney|j. c. penney|jc penney|j.c penney|j c penney|jcpenneys|j. c. penneys|jc penneys|j.c penneys|j c penneys
jet
jiffy lube
jimmy john's|jimmy johns
joe's crab shack|joes crab shack|joe's crab shacks|joes crab shacks
johnny rockets
jollibee
juan valdez cafe
jysk
kaufland
kbc
kenny rogers|kenny rogers roasters
key bank
kfc|k.f.c|k f c|kentucky fried chicken|kfcs|k.f.cs|k f cs|kentucky fried chickens
kiwi
kiwibank
kohl's|kohls
konzum
kmart|k-mart|k mart|kmarts|k-marts|k marts
kreissparkasse
krispy kreme|krispy kremes
kroger
kruidvat
kwik trip
la caixa
ladbrokes
lcbo
leader price
leroy merlin
lewiatan
lidl
little caesars|little caesar's
lloyds|lloyd's|lloyds tsb|lloyd's tsb|lloyds bank|lloyd's bank
londis
lone star steakhouse|lone star steakhouse & saloon|lone star steak house|lone star steak house & saloon|lone star steakhouse and saloon|lone star steak house and saloon
long john silver's|long john silvers
longhorn steakhouse|longhorn steak house
lotos
loving hut
lowe's|lowes
lpg
luby's|lubys
mac's
macy's|macys
mango
marathon
marrybrown
matratzen concord
makro
mcdonald's|mcdonalds
mccafé|mccafe|mccafés|mccafes
media markt
mercadona
mercedes-benz|mercedes benz
metrobank
midas
millennium bank
ministop|mini stop
mk restaurant
mobil
mol
monoprix
morrisons|morrison's
mos burger
motel 6|motel 6s|motel six|motel sixes
movistar
müller|muller
nando's|nandos
napa auto parts
nationwide|nation wide
natwest|nat west
nemzeti dohánybolt|nemzeti dohanybolt
netto|netto marken-discount|netto marken discount
new look
next
nissan
nkd
norauto
nordea
nordsee
o'reilly auto parts|oreilly auto parts|o reilly auto parts
oasis
o2
obi
office depot|office depots
old navy|old navys
olive garden|olive gardens
omv
one stop
opel
orange
orlen
otp bank
outback steakhouse|outback steak house|outback steakhouses|outback steak houses
oxfam
oxxo
panda express
panera bread|panera breads
papa gino's|papa ginos
papa john's|papa john's pizza|papa johns|papa johns pizza
paris baguette
pemex
penny market
penny markt
perkins|perkins restaurant & bakery|perkins restaurant|perkins restaurant and bakery
p. f. chang's|p. f. chang's china bistro|p.f. chang's|p.f. chang's china bistro|p.f. changs|p.f. changs china bistro|pf chang's|pf chang's china bistro|pf changs|pf changs china bistro
pertamina
petrobras
petrom
petron
petro-canada|petro canada|petrocanada
petco|petcos
petsmart|petsmarts
peugeot
phillips 66
picard
pingo doce
pizzaexpress|pizza express
pizza hut|pizzahut|pizza huts|pizzahuts
pizza pizza|pizzapizza
planet hollywood|planet hollywoods
pko bp
pnb
pnc bank|p.n.c bank|p n c bank
pollo campero
ponderosa steakhouse|ponderosa steak house
popeyes|popeye's|popeyes chicken & biscuits|popeye's chicken & biscuits|popeyes chicken and biscuits|popeye's chicken and biscuits
postbank
potbelly sandwich works|potbelly|potbellys
premier inn
proxi
publix
puma
punto enel
q8
qdoba mexican grill|qdoba|qdobas
quality inn
quick
quiktrip
quiznos|quizno's
rabobank
radio shack|radio shacks
raiffeisenbank|raiffeisen|raiffeisen bank
rainforest cafe
rbc
red lobster|red lobsters
red robin|red robins
rei|r.e.i|r e i
relay
rema 1000
repsol
rewe
rite aid|rite-aid|riteaid
ross
ross dress for less
rossmann
ruby tuesday|ruby tuesdays|ruby tuesday's
safeway|safeways|safeway's
sainsbury's|sainsburys
sainsbury's local|sainsburys local
salvation army|salvation armys|salvation armies
sam's club|sams club|sam's clubs|sams clubs
santander
santander bank
sbarro|sbarro's|sbarros
schlotzsky's|schlotzskys|schlotzsky's deli|schlotzskys deli
scotiabank
sears
seattle's best coffee|seattle's best|seattles best coffee|seattles best
secret recipe
shake shack|shake shacks
shakey's pizza|shakeys pizza
sheetz
shell
shoprite|shop-rite|shop rite|shoprites|shop-rites|shop rites
simply market
sixt
sizzler|sizzlers
slovnaft
smashburger|smash burger
sonic|sonic drive-in|sonic drive in|sonics|sonic drive-ins|sonic drive ins
spaghetti warehouse|spaghetti warehouses
spar
sparkasse
specsavers
speedway
sparda-bank|sparda bank|spardabank
sprint|sprint wireless|sprint store|sprint stores|sprint wireless store|sprint wireless stores
staples
starbucks|starbucks coffee|starbucks coffees
state bank of india
statoil
steak 'n shake|steak n' shake|steak n shake|steak & shake|steak and shake|steak 'n shakes|steak n' shakes|steak n shakes|steak & shakes|steak and shakes
stewart's|stewarts
sunoco
subway|subways
supercuts
swedbank
sweet frog
swensen's|swensens
systembolaget
taco bell|taco bells
taco cabana|taco cabanas
takko
tamoil
target|targets
tchibo
td bank|t.d bank|t d bank|td banks|t.d banks|t d banks
td canada trust|t.d canada trust|t d canada trust
tedi
telepizza
terpel
tesco|tescos
tesco express
texaco|texacos
the pizza company
t.g.i. friday's|t g i friday's|tgi friday's|t.g.i friday's|t.g.i. fridays|t g i fridays|tgi fridays|t.g.i fridays
the co-operative food|the cooperative food
thomas cook
tj maxx|tj maxxs
tim hortons
tcby|tcbys
t-mobile|t mobile|tmobile|t-mobile store|t mobile store|tmobile store|t-mobile stores|t mobile stores|tmobile stores
tony roma's|tony romas
total
toyota
toys r us|toys "r" us|toys r' us|toys 'r' us|toys 'r us|toys are us|toysrus|toys rus
trader joe's|trader joes
travelodge
ultramar
unicredit bank|unicredit
uno chicago grill
ups store|the ups store|u.p.s store|u p s store|the u.p.s store|the u p s store|ups stores|u.p.s stores|u p s stores
us bank|u.s bank|u s bank
valero
verizon wireless|verizon store|verizon|verizon wireless store|verizon stores|verizon wireless stores
vival
vodafone
volg
volksbank
volkswagen
vr-bank|vr bank|vrbank
waffle house
waitrose
walgreens|walgreen|walgreen's
walmart|wal-mart|wal mart|walmarts|wal-marts|wal marts
walmart supercenter|wal mart supercenter|wal mart super center|walmart supercenters|wal mart supercenters|wal mart super centers
wawa|wa wa|wa-wa
wells fargo|wellsfargo|wells-fargo
wells fargo bank|wells-fargo bank|wellsfargo bank
wendy's|wendys
western union|western unions
westpac
whataburger|what a burger|whataburgers|what a burgers
white castle|white castles
william hill
whole foods|whole foods market|whole foods markets
wingstop
wingstreet
ymca|y.m.c.a|y m c a
ywca|y.w.c.a|y w c a
yogen früz|yogen fruz|yogen fruez
yogurtland
yoshinoya
yves rocher
zara
zaxby's|zaxbys
zeeman
